id,category,type,prompt,guidance,cautions,options_or_subroutes
funny,Funny / Light,ice_breaker,What is a very overrated thing everyone else seems to love?|What is your most controversial food opinion?|What's the best worst campus food spot on campus?|If you can rename a campus building, what would it be?,"Use when you need to lower tension quickly.",,
practical,"Practical / Campus Life",ice_breaker,What program are you in, and what year?|What has been the hardest part of this semester so far?|What do you do to de-stress when school gets heavy?,"Good default opener because it feels natural and situational.",,
personal,Personal Interests,ice_breaker,What are you into outside school right now?|What kind of content have you been consuming lately?|What is something you have been excited about recently?,"Useful if you want to humanize the interaction first.",,
reflective,Reflective but Safe,ice_breaker,What has been taking up most of your mental energy lately?|What gives you hope when life feels heavy?|What makes a week feel meaningful to you?,"Good bridge from casual talk into deeper themes.",,
triage,Triage,triage,Are you spiritual? How would you describe your spirituality?,"Use one broad classification question to decide the conversation path. Keep it simple and broad.",,
atheist,Atheist / Non-Belief,branch,What led you to that view?|Do you think life has meaning or purpose without God?|How do you think morality works—objective, personal, or social?|Have you ever seriously explored Christianity, or did it never become persuasive to you?,"Do not rush into ""Would you like to hear the gospel?"" Start by understanding why they do not believe and what they think gives life meaning. The follow-up should be exploratory and respectful, not corrective.","Avoid assuming they are angry at God; many are calm and thoughtful.|Avoid churchy language early.|A good next step is often Jesus as a historical or moral figure before moving to gospel language.",
agnostic,Agnostic / Unsure,branch,What makes the question of God hard to answer for you?|Have you ever wanted to explore it more seriously?|If God did exist, what kind of God would make sense to you?|How open are you to hearing different perspectives?,"The next follow-up should clarify what keeps them uncertain: lack of evidence, too many religions, bad examples, or simply not enough thought. Keep the tone curious and invitational.","This branch often has the most openness.|Do not collapse ""unsure"" into ""basically atheist.""|A gentle bridge into Jesus or Christianity can happen earlier here than with a firm atheist.",
spiritual,Spiritual but Not Religious,branch,How would you describe your spirituality in your own words?|Do you think of the divine as personal, impersonal, or something else?|Where do your spiritual ideas mostly come from?|What comes to mind when you think about Jesus?,"The next follow-up should connect with their spiritual vocabulary before introducing Christian categories. Explore whether they imagine a personal God, an impersonal force, or a self-directed spirituality.","Avoid framing religion as the obvious next step.|Institutional distrust may be stronger than theological resistance.|Use bridges such as meaning, longing, peace, forgiveness, identity, and hope.",
religious-non-christian,Religious but Not Christian,branch,What role does your faith play in your life right now?|What do you appreciate most about your tradition?|How familiar are you with Christianity?|Who do you understand Jesus to be?,"The follow-up should first honor that identity and ask them to describe it, rather than flattening all religions into the same bucket. Then explore their current understanding of Christianity and Jesus.","Do not turn the next question into debate mode too fast.|The aim at this stage is understanding and respectful contrast, not argument.|Keep comparison questions careful and non-combative.",jewish|muslim|hindu|buddhist|sikh|other
jewish,Jewish,sub_branch,What does being Jewish mean for you: religious, cultural, ethnic, or some combination?|How do you think about God, covenant, and Scripture?|What do you understand Christians to mean when they call Jesus the Messiah?,,,
muslim,Muslim,sub_branch,How central is Islam in your daily life?|What do you understand about Isa (Jesus) in Islam?|How do you see the relationship between Allah, revelation, and previous scriptures?,,,
hindu,Hindu,sub_branch,Is your practice more philosophical, devotional, temple-based, or cultural?|How do you understand the divine: one reality, many expressions, many gods, or something else?,,,
buddhist,Buddhist,sub_branch,Is your approach more cultural, meditative, philosophical, or devotional?|How do you think about suffering, desire, liberation, and whether ultimate reality is personal?,,,
sikh,Sikh,sub_branch,How do you understand God, devotion, service, and the role of the Gurus?|How familiar are you with Jesus beyond general respect for him?,,,
other,Other / Mixed Tradition,sub_branch,Ask the person to describe the tradition in their own words before comparing it with Christianity.,,,
christian,Christian,branch,How would you describe your faith right now—active, cultural, inherited, or uncertain?|What does Jesus mean to you personally?|How would you explain the gospel in your own words?|How much does your faith shape your daily life?,"The next follow-up should distinguish between active faith, cultural identity, inherited label, and uncertain belief. Ask for their own understanding of Jesus and the gospel instead of assuming it.","This branch is important because some who say ""Christian"" may have little actual understanding.|Avoid both flattery and suspicion; just clarify.|This path may lead either to encouragement or to a clearer presentation of the gospel.",
ex-christian,Used to Be Christian,branch,What changed for you?|Was it more intellectual, personal, church-related, or gradual?|Are there parts of Christianity you still find meaningful?|What was your experience with Christians or church communities like?,"The next follow-up should focus on their story before content. Ask what changed, what they left, and what still feels unresolved. This branch often requires more empathy than explanation at first.","Do not assume they ""just want to sin"" or that they secretly still believe.|Many ex-Christians know Christian language well, so generic explanations can feel superficial.|Listening well here is more important than speed.",
indifferent,Not Really Thought About It,branch,Have questions about meaning or purpose ever felt important to you?|What tends to matter most to you day to day?|Do spiritual questions feel irrelevant, uninteresting, or just distant?|Would you be open to exploring them if it connected to real life?,"The follow-up should be light and relevance-focused. Instead of abstract theology first, ask whether purpose, meaning, stress, suffering, or identity questions matter to them personally.","Do not overload this branch with heavy doctrinal questions too soon.|Concrete life questions work better than abstract apologetics.|This branch often benefits from strong ice-breaker use before triage.",
scientific,Scientific / Skeptical Lens,branch,How do you see science and religion relating to each other?|Do you think science can address questions of meaning and morality, or only mechanism?|What kind of evidence would make spiritual claims more plausible to you?|Have you encountered thoughtful Christian perspectives on science?,"The next follow-up should explore how they see the relationship between science and faith, instead of assuming those are automatically opposed. This lets the conversation engage their actual framework.","Do not present faith as anti-reason.|Avoid lazy ""science cannot explain everything"" statements unless handled carefully.|This branch often responds well to precise language and fewer clichés.",
ethics,Ethics / Society Focused,branch,What most shapes your concern for society or justice?|Where do you think human dignity comes from?|Do you see religion as more helpful or harmful in society?|Do you think moral progress needs something beyond social agreement?,"The next follow-up should begin with moral concern and lived values. Explore where they think human dignity, justice, and moral obligation come from, and whether religion helps or harms those goals.","This branch is often more open to the practical and ethical teachings of Jesus than to religious systems.|Avoid sounding defensive about all religious failures.|A strong bridge here is the person of Jesus and the kind of kingdom he announced.",
